,count,mean,std,min,25%,50%,75%,max
OrderID,500.0,1250.5,144.4818327679989,1001.0,1125.75,1250.5,1375.25,1500.0
Quantity,500.0,5.458,2.9177495651700647,1.0,3.0,6.0,8.0,10.0
UnitPrice,500.0,220.61,283.36684958351384,5.0,20.0,90.0,200.0,800.0
Sales,500.0,1174.09,1794.4774226333084,5.0,100.0,495.0,1200.0,8000.0
Order Year,500.0,2025.0,0.0,2025.0,2025.0,2025.0,2025.0,2025.0
Total Price,500.0,1174.09,1794.4774226333084,5.0,100.0,495.0,1200.0,8000.0
